Workbook

Sheet Rates
A1: Rates & Assumptions
A2: Edit the yellow cells to update every calculation in this workbook.
A4: Item | B4: Value | C4: Unit | D4: Note
A5: CNY -> IDR | B5: 2604 | C5: IDR per 1 CNY | D5: Update to current FX
A6: USD -> IDR | B6: 17650 | C6: IDR per 1 USD | D6: Reference only
A7: UPS shipping rate | B7: 40 | C7: CNY per kg | D7: Billed on chargeable (dim) weight
A8: MTE rate | B8: 205000 | C8: IDR per kg | D8: All-in: tax + customs + delivery
A9: UPS package fee | B9: 200000 | C9: IDR per package | D9: Per box; box cap 30kg real
A10: UPS warehouse fee | B10: 200000 | C10: IDR per shipment | D10: Flat, regardless of #packages
A11: Package weight cap | B11: 30 | C11: kg real | D11: Splits into extra packages above this
A12: Volumetric divisor | B12: 5000 | C12: cm3 per kg | D12: dim kg = LxWxH / divisor
A13: MTE volumetric discount | B13: 0.5 | C13: fraction | D13: Voluminous excess billed at half
A14: Import tax - current | B14: 0.19 | C14: of (freight+goods) | D14: UPS only; MTE is tax-inclusive
A15: Import tax - scenario | B15: 0.25 | C15: of (freight+goods) | D15: Possible future rate

Sheet Calculator
A1: Shipment Cost Calculator — UPS vs MTE
A2: Enter the blue cells: cost of goods, tax rate, and one row per box (real weight + dimensions).
A4: Cost of goods (CNY) | B4: 1345.56
A5: Tax rate (UPS) | B5: 0.19 | C5: Change to 0.25 to test the higher tax
A7: Box | B7: Real wt (g) | C7: L (cm) | D7: W (cm) | E7: H (cm) | F7: Real kg | G7: Vol kg | H7: UPS kg | I7: MTE kg
A8: Box 1 | B8: 11720 | C8: 57 | D8: 42 | E8: 41 | F8: =ROUNDUP(N(B8)/1000,0) -> 12 | G8: =ROUNDUP(N(C8)*N(D8)*N(E8)/Rates!$B$12,0) -> 20 | H8: =MAX(F8,G8) -> 20 | I8: =F8+MAX(0,G8-F8)*Rates!$B$13 -> 16
A9: Box 2 | F9: =ROUNDUP(N(B9)/1000,0) -> 0 | G9: =ROUNDUP(N(C9)*N(D9)*N(E9)/Rates!$B$12,0) -> 0 | H9: =MAX(F9,G9) -> 0 | I9: =F9+MAX(0,G9-F9)*Rates!$B$13 -> 0
A10: Box 3 | F10: =ROUNDUP(N(B10)/1000,0) -> 0 | G10: =ROUNDUP(N(C10)*N(D10)*N(E10)/Rates!$B$12,0) -> 0 | H10: =MAX(F10,G10) -> 0 | I10: =F10+MAX(0,G10-F10)*Rates!$B$13 -> 0
A11: Box 4 | F11: =ROUNDUP(N(B11)/1000,0) -> 0 | G11: =ROUNDUP(N(C11)*N(D11)*N(E11)/Rates!$B$12,0) -> 0 | H11: =MAX(F11,G11) -> 0 | I11: =F11+MAX(0,G11-F11)*Rates!$B$13 -> 0
A12: Box 5 | F12: =ROUNDUP(N(B12)/1000,0) -> 0 | G12: =ROUNDUP(N(C12)*N(D12)*N(E12)/Rates!$B$12,0) -> 0 | H12: =MAX(F12,G12) -> 0 | I12: =F12+MAX(0,G12-F12)*Rates!$B$13 -> 0
A14: RESULTS
A15: Packages | B15: =COUNTIF(B8:B12,">0") -> 1
A16: UPS chargeable kg | B16: =SUM(H8:H12) -> 20
A17: MTE chargeable kg | B17: =ROUNDUP(SUM(I8:I12),0) -> 16
A18: Cost of goods (IDR) | B18: =B4*Rates!$B$5 -> 3503838.2
A19: UPS freight | B19: =B16*Rates!$B$7*Rates!$B$5 -> 2083200
A20: UPS import tax | B20: =B5*(B19+B18) -> 1061537.3
A21: UPS package fees | B21: =B15*Rates!$B$9 -> 200000
A22: UPS warehouse fee | B22: =Rates!$B$10 -> 200000
A23: UPS TOTAL | B23: =B19+B20+B21+B22 -> 3544737.3
A24: MTE TOTAL | B24: =B17*Rates!$B$8 -> 3280000
A25: Verdict | B25: =IF(B24<B23,"MTE",IF(B24>B23,"UPS","TIE"))&" cheaper by IDR "&TEXT(ABS(B23-B24),"#,##0") -> MTE cheaper by IDR 264,737

Sheet Case Study
A1: SUB 180–187 — UPS vs MTE (data from JIGZLE Order CSV, 2026-05-22)
A3: Ship | B3: Box details | C3: Real kg | D3: Vol kg | E3: Pkgs | F3: COGS (CNY) | G3: UPS kg | H3: MTE kg | I3: COGS (IDR) | J3: Freight | K3: Tax 19% | L3: Pkg fee | M3: Whse | N3: UPS @19% | O3: UPS @25% | P3: MTE | Q3: Cheaper | R3: Save @19% | S3: Save @25%
A4: SUB 180 | B4: 14500g, 57x44x42 | C4: 15 | D4: 22 | E4: 1 | F4: 2172.96 | G4: =MAX(C4,D4) -> 22 | H4: =ROUNDUP(C4+MAX(0,D4-C4)*Rates!$B$13,0) -> 19 | I4: =F4*Rates!$B$5 -> 5658387.8 | J4: =G4*Rates!$B$7*Rates!$B$5 -> 2291520 | K4: =Rates!$B$14*(J4+I4) -> 1510482.5 | L4: =E4*Rates!$B$9 -> 200000 | M4: =Rates!$B$10 -> 200000 | N4: =J4+K4+L4+M4 -> 4202002.5 | O4: =J4+Rates!$B$15*(J4+I4)+L4+M4 -> 4678997 | P4: =H4*Rates!$B$8 -> 3895000 | Q4: =IF(P4<N4,"MTE","UPS") -> MTE | R4: =N4-P4 -> 307002.49 | S4: =O4-P4 -> 783996.96
A5: SUB 181 | B5: 10910g, 57x43x42 | C5: 11 | D5: 21 | E5: 1 | F5: 2162.4 | G5: =MAX(C5,D5) -> 21 | H5: =ROUNDUP(C5+MAX(0,D5-C5)*Rates!$B$13,0) -> 16 | I5: =F5*Rates!$B$5 -> 5630889.6 | J5: =G5*Rates!$B$7*Rates!$B$5 -> 2187360 | K5: =Rates!$B$14*(J5+I5) -> 1485467.4 | L5: =E5*Rates!$B$9 -> 200000 | M5: =Rates!$B$10 -> 200000 | N5: =J5+K5+L5+M5 -> 4072827.4 | O5: =J5+Rates!$B$15*(J5+I5)+L5+M5 -> 4541922.4 | P5: =H5*Rates!$B$8 -> 3280000 | Q5: =IF(P5<N5,"MTE","UPS") -> MTE | R5: =N5-P5 -> 792827.42 | S5: =O5-P5 -> 1261922.4
A6: SUB 182 | B6: 10500g, 57x42x43 | C6: 11 | D6: 21 | E6: 1 | F6: 1605.68 | G6: =MAX(C6,D6) -> 21 | H6: =ROUNDUP(C6+MAX(0,D6-C6)*Rates!$B$13,0) -> 16 | I6: =F6*Rates!$B$5 -> 4181190.7 | J6: =G6*Rates!$B$7*Rates!$B$5 -> 2187360 | K6: =Rates!$B$14*(J6+I6) -> 1210024.6 | L6: =E6*Rates!$B$9 -> 200000 | M6: =Rates!$B$10 -> 200000 | N6: =J6+K6+L6+M6 -> 3797384.6 | O6: =J6+Rates!$B$15*(J6+I6)+L6+M6 -> 4179497.7 | P6: =H6*Rates!$B$8 -> 3280000 | Q6: =IF(P6<N6,"MTE","UPS") -> MTE | R6: =N6-P6 -> 517384.64 | S6: =O6-P6 -> 899497.68
A7: SUB 183 | B7: A:18000g 58x54x55 + B:13000g 58x47x45 | C7: 31 | D7: 60 | E7: 2 | F7: 3545.35 | G7: =MAX(C7,D7) -> 60 | H7: =ROUNDUP(C7+MAX(0,D7-C7)*Rates!$B$13,0) -> 46 | I7: =F7*Rates!$B$5 -> 9232091.4 | J7: =G7*Rates!$B$7*Rates!$B$5 -> 6249600 | K7: =Rates!$B$14*(J7+I7) -> 2941521.4 | L7: =E7*Rates!$B$9 -> 400000 | M7: =Rates!$B$10 -> 200000 | N7: =J7+K7+L7+M7 -> 9791121.4 | O7: =J7+Rates!$B$15*(J7+I7)+L7+M7 -> 10720023 | P7: =H7*Rates!$B$8 -> 9430000 | Q7: =IF(P7<N7,"MTE","UPS") -> MTE | R7: =N7-P7 -> 361121.37 | S7: =O7-P7 -> 1290022.9
A8: SUB 184 | B8: 12500g, 57x48x32 | C8: 13 | D8: 18 | E8: 1 | F8: 2224.95 | G8: =MAX(C8,D8) -> 18 | H8: =ROUNDUP(C8+MAX(0,D8-C8)*Rates!$B$13,0) -> 16 | I8: =F8*Rates!$B$5 -> 5793769.8 | J8: =G8*Rates!$B$7*Rates!$B$5 -> 1874880 | K8: =Rates!$B$14*(J8+I8) -> 1457043.5 | L8: =E8*Rates!$B$9 -> 200000 | M8: =Rates!$B$10 -> 200000 | N8: =J8+K8+L8+M8 -> 3731923.5 | O8: =J8+Rates!$B$15*(J8+I8)+L8+M8 -> 4192042.5 | P8: =H8*Rates!$B$8 -> 3280000 | Q8: =IF(P8<N8,"MTE","UPS") -> MTE | R8: =N8-P8 -> 451923.46 | S8: =O8-P8 -> 912042.45
A9: SUB 185 | B9: 8910g, 57x43x39 | C9: 9 | D9: 20 | E9: 1 | F9: 1832.6 | G9: =MAX(C9,D9) -> 20 | H9: =ROUNDUP(C9+MAX(0,D9-C9)*Rates!$B$13,0) -> 15 | I9: =F9*Rates!$B$5 -> 4772090.4 | J9: =G9*Rates!$B$7*Rates!$B$5 -> 2083200 | K9: =Rates!$B$14*(J9+I9) -> 1302505.2 | L9: =E9*Rates!$B$9 -> 200000 | M9: =Rates!$B$10 -> 200000 | N9: =J9+K9+L9+M9 -> 3785705.2 | O9: =J9+Rates!$B$15*(J9+I9)+L9+M9 -> 4197022.6 | P9: =H9*Rates!$B$8 -> 3075000 | Q9: =IF(P9<N9,"MTE","UPS") -> MTE | R9: =N9-P9 -> 710705.18 | S9: =O9-P9 -> 1122022.6
A10: SUB 186 | B10: 11720g, 57x42x41 | C10: 12 | D10: 20 | E10: 1 | F10: 1345.56 | G10: =MAX(C10,D10) -> 20 | H10: =ROUNDUP(C10+MAX(0,D10-C10)*Rates!$B$13,0) -> 16 | I10: =F10*Rates!$B$5 -> 3503838.2 | J10: =G10*Rates!$B$7*Rates!$B$5 -> 2083200 | K10: =Rates!$B$14*(J10+I10) -> 1061537.3 | L10: =E10*Rates!$B$9 -> 200000 | M10: =Rates!$B$10 -> 200000 | N10: =J10+K10+L10+M10 -> 3544737.3 | O10: =J10+Rates!$B$15*(J10+I10)+L10+M10 -> 3879959.6 | P10: =H10*Rates!$B$8 -> 3280000 | Q10: =IF(P10<N10,"MTE","UPS") -> MTE | R10: =N10-P10 -> 264737.27 | S10: =O10-P10 -> 599959.56
A11: SUB 187 | B11: 14343g, 51x50x45 | C11: 15 | D11: 23 | E11: 1 | F11: 1507.85 | G11: =MAX(C11,D11) -> 23 | H11: =ROUNDUP(C11+MAX(0,D11-C11)*Rates!$B$13,0) -> 19 | I11: =F11*Rates!$B$5 -> 3926441.4 | J11: =G11*Rates!$B$7*Rates!$B$5 -> 2395680 | K11: =Rates!$B$14*(J11+I11) -> 1201203.1 | L11: =E11*Rates!$B$9 -> 200000 | M11: =Rates!$B$10 -> 200000 | N11: =J11+K11+L11+M11 -> 3996883.1 | O11: =J11+Rates!$B$15*(J11+I11)+L11+M11 -> 4376210.3 | P11: =H11*Rates!$B$8 -> 3895000 | Q11: =IF(P11<N11,"MTE","UPS") -> MTE | R11: =N11-P11 -> 101883.07 | S11: =O11-P11 -> 481210.35
A12: TOTAL | N12: =SUM(N4:N11) -> 36922585 | O12: =SUM(O4:O11) -> 40765675 | P12: =SUM(P4:P11) -> 33415000 | Q12: =IF(P12<N12,"MTE","UPS") -> MTE | R12: =SUM(R4:R11) -> 3507584.9 | S12: =SUM(S4:S11) -> 7350674.8
A14: Method: UPS bills max(real, dim) at full rate + 19% tax on (freight+goods) + pkg fee/box + flat warehouse. MTE = [real + 50% x (dim-real)] x rate, all-in. Weights rounded UP to whole kg. dim kg = LxWxH/5000.
